Workbook
Name Artículos_Escolares: DATOS!$P$2:$P$4
Name Ascensores: DATOS!$P$6:$P$8
Name Bicicletas_adultos: DATOS!$D$11
Name Bicicletas_infantiles: DATOS!$S$6:$S$8
Name Cámaras_y_cubiertas_bicicletas: DATOS!$G$10:$G$12
Name Eléctricos_Eficiencia: DATOS!$J$3
Name Eléctricos_Eiciencia: DATOS!$J$3
Name Eléctricos_Eiciencia_Energética: DATOS!$J$3
Name Eléctricos_Seguridad: DATOS!$G$2:$G$4
Name Eléctricos_Seguridad_Eléctrica: DATOS!$G$2:$G$4
Name Encendedores: DATOS!$G$6:$G$8
Name Ftalatos: DATOS!$J$6
Name Gas: DATOS!$M$6:$M$8
Name Gráficos: DATOS!$S$3:$S$4
Name Juguetes_Seguridad: DATOS!$M$2:$M$4
Name Miel: DATOS!$J$12
Name Pilas_y_baterías: DATOS!$D$6:$D$7
Name RoHS: DATOS!$V$2
Name Servicios: DATOS!$A$2:$A$16
Name Sistemas: DATOS!$D$2:$D$4
Name Tambores_miel_a_granel: DATOS!$J$12

Sheet Datos generales
B1: Solicitud de Certificación- Ftalatos | D1: PCE-04 FVIII V1 R2
B2: =MID(CELL("nombrearchivo",A4),FIND("]",CELL("nombrearchivo",A46))+1,31) -> Datos generales | D2: Página 1 de
A3: Solicitud nro: | C3: Fecha:
A4: Información del solicitante
A5: Nombre: | B5: BIDCOM SRL
A6: Domicilio legal: | B6: Bouchard 468, 5° I, CABA. CP 1004
A7: email: | B7: emanuel@bidcom.com.ar
A8: Teléfono(s): | B8: 3960-0184
A9: Nombre de contacto: | B9: BARNA, Emanuel Lucas
A10: Click aquí si los datos de facturación son los mismos del solicitante:
A11: Información para la facturación
A12: Razón social: BIDCOM SRL
A13: Domicilio legal: Bouchard 468, 5° I, CABA. CP 1004
A14: email: emanuel@bidcom.com.ar
A15: Teléfono(s): 3960-0184
A16: CUIT: 3960-0184 | C16: Condición ante IVA:
A17: Nombre de contacto: BARNA, Emanuel Lucas
E18: FALSE
A19: Tipo de Certificación | C19: Categoría producto
C20: Ftalatos | E20: 8 | F20: =VLOOKUP(E20,DATOS!C15:D29,2,0) -> Ftalatos
A21: Sistema de Certificación | C21: Resolución aplicable:
A22: Tipo (Sistema 1a) | C22: =IF(DATOS!A34=1, "N/A",F22) -> Resolución 583/2008 | E22: =IF(OR(F20="Juguetes",A22="Marca (Sistema 5)"),5,0) -> 0 | F22: =VLOOKUP(F20,DATOS!D15:E29,2,0) -> Resolución 583/2008
A24: Norma(s) aplicable(s): | B24: A ser completado por Lenor OCP separadas por /
A25: Laboratorio designado por el cliente: | B25: Lenor S.R.L.
A26: Como solicitante, declaro: a) estar en conocimiento de las condiciones de certificación, derechos y obligaciones que esta solicitud conlleva en función del documento AC-01, b) tener acceso al documento informativo MMAR.
A27: Información para extracción de muestra(s)
A28: Razón social: | B28: BIDCOM SRL
A29: Domicilio:
A30: email:
A31: Teléfono(s): | C31: Contacto:
A33: Información sobre la fábrica
A34: Razón social:
A35: Domicilio:
A36: email:
A37: Teléfono(s):
A38: Nombre de contacto:
A40: Cantidad de artículos:
A43: Firmas
A44: Firma y aclaración del Cliente o Representante Legal | C44: Firma y aclaración (LENOR OCP)
A46: =CELL("nombrearchivo") -> Z:\Documentos\Proyectos Fede\Argos_Bidcom\Argos Final\Juguetes Ft\[SOLICITUD FTALATOS SISTEMA NUEVO PCE-04-FVII V1R2 (1).xlsx]Datos generales

Sheet Ftalatos
C1: SOLICITUD DE CERTIFICACION FTALATOS | I1: ='Datos generales'!D1 -> PCE-04 FVIII V1 R2
I2: Página de
A3: F01 "DECLARACION DE ARTICULOS Y COMPOSICION DE PARTES A VERIFICAR"
A4: Juguetes-Puericultura Resolucion del Ministerio de Salud Nro.: 583/2008
A5: Solicitud nro: | C5: ='Datos generales'!B3 -> 0 | F5: Fecha: | H5: ='Datos generales'!D3 -> 0
A6: Por la presente, la empresa: | C6: BIDCOM SRL | E6: con domicilio legal: | G6: Bouchard 468, 5° I, CABA. CP 1004
A7: Teléfono: | C7: 3960-0184
A8: Contacto: | C8: BARNA, Emanuel Lucas | E8: email: | G8: mailto:emanuel@bidcom.com.ar
A9: Laboratorio de ensayos: | C9: ='Datos generales'!B25 -> Lenor S.R.L. | E9: solicita la verificación del cumplimiento de la Resolución 583/2008 y 2/2011 del Ministerio de Salud respecto del contenido de FTALATOS de los artículos cuya identificación declara a continuación:
A10: Datos para extracción de muestra: | C10: Domicilio: | D10: Bouchard 468, 5° I, CABA. CP 1004 | F10: Contacto: | G10: BARNA, Emanuel Lucas | I10: F01
C11: email: | D11: mailto:emanuel@bidcom.com.ar | F11: Teléfono: | G11: 3960-0184
A12: DBP: dibutilftalato CAS No 84-74-2 | E12: Aclaraciones para completar el F01
A13: BBP: butilbencilftalato CAS No 85-68-7 | E13: (1) Código con que el fabricante identifica su artículo
A14: DEHP: di(2-etilhexil)ftalato CAS No117-81-7 | E14: (2) Código con el que se ingresará al país y se comercializará el artículo.
A15: DNOP: dinoctilftalato CAS No 117-84-0 | E15: (3) Denominación con que se identifica el artículo Ej.: "Little Cars".
A16: DINP: diisononilftalato CAS N028553-12-0 y 68515-48-0 | E16: (4) Breve descripción del articulo. Ej: caja con 4 modelos de autos miniatura.
A17: DIDP: diisodecilftalato CAS 26761-40-0 y 68515-49-1 | E17: (5) Nombre del fabricante; dirección de la fabrica; país de origen.
A18: La presente solicitud será tomada como declaración jurada. | E18: (6) Descripción de la parte del artículo de material susceptible de ser plastificado con ftalatos. Ej: ruedas.
E19: (7) Un "SI" en esta columna es indicativo de que la parte cumple con el art. 1º de la Resolución.
E20: (8) Un "SI" en esta columna es indicativo de que la parte cumple con el Art. 2º de la Resolución.
E21: Es obligatorio completar el campo 7 para aquellas partes fabricadas con materiales susceptibles de ser plastificados con ftalatos, y el 8 para aquellas que además de la condición anterior pueden ser introducidas en la boca.
A22: NOTA: Debe entregarse a Lenor S.R.L. la presente soilcitud también en formato digital (CD, pendrive, DVD, etc.). | E22: Las muestras y contra muestras de los artículos que se utilicen para la certificación quedarán en poder de Lenor S.R.L. quien podrá disponer de las mismas en la forma que considere conveniente luego de 30 días de la emisión del correspondiente certificado.
A23: Declaro además que las siguientes partes (especificar parte y artículo) han sido fabricadas con material de la misma formulación:
A24: (1) | B24: (2) | C24: (3) | D24: (4) | E24: (5) | F24: (6) | G24: (7) | H24: (8)
A25: Codigo de origen del articulo | B25: Código de comercializacion del articulo | C25: Denominacion del articulo | D25: Breve descripción del articulo | E25: Fabricante direccion pais | F25: Parte del articulo de material suceptible de ser plastificado con ftalatos | G25: El contenido de DBP, BBP y DEHP es menor que 0,1% m/m (art. 1º) | H25: El contenido de DNOP, DINP y DIDP es menor que 0,1% m/m (Art. 2º) | I25: Foto producto | J25: Resultado del Beilstein (completar por Lenor)
A47: Firma y aclaración del Apoderado Legal de la empresa: | E47: Análisis de la documentación presentada (a completar por LENOR OCP)
E48: Los campos de la solicitud están todos completos:
E49: Se presentaron fotos de todos los artículos:
E50: Formato digital:
E51: Firma de la solicitud:
E52: Resultado del análisis: | I52: =IF(DATOS!A26<=4, "Correcto", "Incorrecto") -> Correcto
A54: Solicitud de ensayos de caracterización (completar por Lenor OCP)
A55: Solicito al Laboratorio | C55: =C9 -> Lenor S.R.L. | E55: realice la caracterización descripta en la Resolución 2/2011 del Ministerio de Salud, de los artículos detallados en este F01.
A56: Cantidad de artículos a ensayar: | D56: 1
A57: Firma del Responsable Técnico: | E57: Fecha: | F57: 46136
A65: Aclaración:

Sheet DATOS
A1: Productos: | B1: 3 | D1: Sistemas | G1: Eléctricos SE | J1: Eléctricos EE | M1: Juguetes Seguridad | P1: Artículos escolares | S1: Gráficos | V1: RoHS
A2: Eléctricos (Seguridad) | D2: Tipo (Sistema 4) | G2: Tipo (Sistema 4) | M2: Tipo (Sistema 4) | P2: Tipo (Sistema 4) | V2: Tipo (Sistema 4)
A3: Eléctricos (Eficiencia Energética) | D3: Marca (Sistema 5 ) | G3: Marca (Sistema 5 ) | J3: Marca (Sistema 5) | M3: Marca (Sistema 5 ) | P3: Marca (Sistema 5 ) | S3: Marca (Sistema 5)
A4: Juguetes | D4: Lote (Sistema 7) | G4: Lote (Sistema 7) | M4: Lote (Sistema 7) | P4: Lote (Sistema 7) | S4: Lote (Sistema 7)
A5: Artículos escolares | D5: Pilas y baterías | G5: Encendedores | J5: Ftalatos | M5: Gas | P5: Ascensores | S5: Bicicletas infantiles
A6: Gráficos | D6: Tipo (Sistema 4a) | G6: Tipo (Sistema 4) | J6: Tipo (Sistema 1a) | M6: Tipo (Sistema 4) | P6: Tipo (Sistema 4) | S6: Tipo (Sistema 4)
A7: Pilas y baterías | D7: Lote (Sistema 7) | G7: Marca (Sistema 5 ) | M7: Marca (Sistema 5 ) | P7: Marca (Sistema 5 ) | S7: Marca (Sistema 5 )
A8: Encendedores | G8: Lote (Sistema 7) | M8: Lote (Sistema 7) | P8: Lote (Sistema 7) | S8: Lote (Sistema 7)
A9: Ftalatos | D9: Bicicletas adultos | G9: Cámaras y cubiertas de bicicletas | J9: Tambores para miel a granel
A10: Gas | G10: Tipo (Sistema 4) | M10: Tipo (Sistema 4) | P10: Tipo (Sistema 4) | S10: Tipo (Sistema 4)
A11: Ascensores | D11: Marca (Sistema 5) | G11: Marca (Sistema 5 ) | M11: Marca (Sistema 5) | P11: Marca (Sistema 5) | S11: Marca (Sistema 5)
A12: Bicicletas infantiles | G12: Lote (Sistema 7) | J12: Lote (Sistema 7) | M12: Lote (Sistema 7) | P12: Lote (Sistema 7) | S12: Lote (Sistema 7)
A13: Bicicletas adultos
A14: Cámaras y cubiertas de bicicletas
A15: Tambores para miel a granel | C15: 1 | D15: Eléctricos_Seguridad | E15: Resolución 169/2018
A16: RoHS | C16: 2 | D16: Eléctricos_Eficiencia | E16: Resolución 319/1999 | H16: =IF('Datos generales'!F20="Ftalatos",5,IF('Datos generales'!F20="Juguetes_Seguridad",6,4)) -> 5 | K16: Pilas | M16: Si | N16: Si | O16: 1
C17: 3 | D17: Juguetes_Seguridad | E17: Resolución 163/2005 | H17: =IF('Datos generales'!C20="Juguetes",6,4) -> 4 | K17: Transformador | M17: No | N17: No | O17: 1
C18: 4 | D18: Artículos_Escolares | E18: Resolución 680/2015 | K18: Radio control | N18: NA | O18: 3
A19: Si | C19: 5 | D19: Gráficos | E19: Resolución 453/2010 | K19: Doble alimentación | O19: 1
A20: No | C20: 6 | D20: Pilas_y_baterías | E20: Ley 26184 | K20: NA | N20: 2 | O20: 1
A21: NA | C21: 7 | D21: Encendedores | E21: Resolución 77/2004 | O21: 3
A22: 3 | B22: =IF(A22=3,0,A22) -> 0 | C22: 8 | D22: Ftalatos | E22: Resolución 583/2008 | O22: 3
A23: 3 | B23: =IF(A23=3,0,A23) -> 0 | C23: 9 | D23: Gas | E23: Resolución 139/1995 | O23: =COUNTIF(O16:O22,N20) -> 0
A24: 3 | B24: =IF(A24=3,0,A24) -> 0 | C24: 10 | D24: Ascensores | E24: Resolución 897/99
A25: 3 | B25: =IF(A25=3,0,A25) -> 0 | C25: 11 | D25: Bicicletas_infantiles | E25: Resolución 91/2004 | K25: FALSE
A26: =SUM(B22:B25) -> 0 | B26: =SUM(B22:B25) -> 0 | C26: 12 | D26: Bicicletas_adultos | E26: Resolución 220/2003 | K26: =NOT(K25) -> TRUE
C27: 13 | D27: Cámaras_y_cubiertas_bicicletas | E27: Resolución 281/2018
C28: 14 | D28: Tambores_miel_a_granel | E28: Resolución E5/2018
C29: 15 | D29: RoHS | E29: BS EN 5081
A30: Cant art: | B30: =IF(H16=5,Ftalatos!I7,#REF!) -> 0 | E30: 1
D31: Encendedores (general) | E31: 2 | F31: IRAM 3980
D32: Piezoeléctricos a gas con llama | E32: 3 | F32: IRAM 3981 | H32: Schrader
D33: Piezoeléctricos para artefactos domésticos o industriales | E33: 4 | F33: IRAM 3982 | H33: Presta
A34: 2 | D34: 1
